INSERT INTO SAMPLE VALUES('1', 'VALUE1');
INSERT INTO SAMPLE VALUES('2', 'VALUE2');
insert into customer values(1, 'Customer 1');
insert into device_type (id, name, cost) values (1, 'Windows Workstation',4.0);
insert into device_type (id, name, cost) values (2,'Windows Server',4.0);
insert into device_type (id, name, cost) values (3, 'Mac', 4.0);
insert into device_service values (1, 'Antivirus'),(2, 'Backup'),(3, 'PSA'),(4, 'Screen Share');
insert into device (id, system_name, device_type_id) values (1, 'Windows PC', 1);
insert into device (id, system_name, device_type_id) values (2, 'Windows SRVR', 2);
insert into device (id, system_name, device_type_id) values (3, 'MAC 1', 3);
insert into device (id, system_name, device_type_id) values (4, 'MAC 2', 3);
insert into device (id, system_name, device_type_id) values (5, 'MAC 3', 3);
insert into customer_device_service (id, customer_id, device_id, service_id) values (1,1,1,1);
insert into customer_device_service (id, customer_id, device_id, service_id) values (2,1,1,2);
insert into customer_device_service (id, customer_id, device_id, service_id) values (3,1,1,4);
insert into customer_device_service (id, customer_id, device_id, service_id) values (4,1,2,1);
insert into customer_device_service (id, customer_id, device_id, service_id) values (5,1,2,2);
insert into customer_device_service (id, customer_id, device_id, service_id) values (6,1,2,4);
insert into customer_device_service (id, customer_id, device_id, service_id) values (7,1,3,1);
insert into customer_device_service (id, customer_id, device_id, service_id) values (8,1,3,2);
insert into customer_device_service (id, customer_id, device_id, service_id) values (9,1,3,4);
insert into customer_device_service (id, customer_id, device_id, service_id) values (10,1,4,1);
insert into customer_device_service (id, customer_id, device_id, service_id) values (11,1,4,2);
insert into customer_device_service (id, customer_id, device_id, service_id) values (12,1,4,4);
insert into customer_device_service (id, customer_id, device_id, service_id) values (13,1,5,1);
insert into customer_device_service (id, customer_id, device_id, service_id) values (14,1,5,2);
insert into customer_device_service (id, customer_id, device_id, service_id) values (15,1,5,4);
insert into device_type_service_cost (device_type_id, service_id, cost) values (1,1,5.0);
insert into device_type_service_cost (device_type_id, service_id, cost) values (1,2,3.0);
insert into device_type_service_cost (device_type_id, service_id, cost) values (1,3,2.0);
insert into device_type_service_cost (device_type_id, service_id, cost) values (1,4,1.0);
insert into device_type_service_cost (device_type_id, service_id, cost) values (2,1,5.0);
insert into device_type_service_cost (device_type_id, service_id, cost) values (2,2,3.0);
insert into device_type_service_cost (device_type_id, service_id, cost) values (2,3,2.0);
insert into device_type_service_cost (device_type_id, service_id, cost) values (2,4,1.0);
insert into device_type_service_cost (device_type_id, service_id, cost) values (3,1,7.0);
insert into device_type_service_cost (device_type_id, service_id, cost) values (3,2,3.0);
insert into device_type_service_cost (device_type_id, service_id, cost) values (3,3,2.0);
insert into device_type_service_cost (device_type_id, service_id, cost) values (3,4,1.0);


